Neighborhood,Neighborrhood_number,Neighborhood_lat,Neighborhood_long,Venue,Category,Venue_lat,Venue_long
Casa Loma ,96,43.68055486291319,-79.40601075574219,Flor de Sal,Modern European Restaurant,43.67775739485431,-79.40717634503991
Annex ,95,43.67336541385619,-79.40246759397529,Playa Cabana,Mexican Restaurant,43.67611179256714,-79.4012790354265
Annex ,95,43.67336541385619,-79.40246759397529,Mistura,Italian Restaurant,43.67428461619599,-79.398425962694
Annex ,95,43.67336541385619,-79.40246759397529,L'Unita Restaurant,Italian Restaurant,43.674387404879205,-79.39648826123504
Annex ,95,43.67336541385619,-79.40246759397529,Le Paradis,French Restaurant,43.67500732033419,-79.40003625111297
Annex ,95,43.67336541385619,-79.40246759397529,Roti Cuisine of India,Indian Restaurant,43.67461834990478,-79.40824866273744
Annex ,95,43.67336541385619,-79.40246759397529,Fet Zun,Middle Eastern Restaurant,43.675147,-79.406346
Annex ,95,43.67336541385619,-79.40246759397529,Bua Thai,Thai Restaurant,43.674808774790584,-79.39667636157816
Annex ,95,43.67336541385619,-79.40246759397529,Annex Grill and Bar,Asian Restaurant,43.67491340106575,-79.40670910550232
Woodbine Corridor ,64,43.67581292233435,-79.31496884334845,Occasions Restaurant,Restaurant,43.67320785674965,-79.31861239046192
Woodbine Corridor ,64,43.67581292233435,-79.31496884334845,The Pantry,Restaurant,43.67274,-79.319281
Henry Farm ,53,43.77064766514719,-79.34369412881688,Tekka Sushi,Japanese Restaurant,43.77417136429855,-79.3404009228877
Henry Farm ,53,43.77064766514719,-79.34369412881688,Shawarma and Kebob,Middle Eastern Restaurant,43.76698965408248,-79.34699846901431
Steeles ,116,43.814135797424875,-79.32175162819078,D&R Wings 美華茶餐廳,Chinese Restaurant,43.814697995513114,-79.32394552167905
Steeles ,116,43.814135797424875,-79.32175162819078,Pho 88,Vietnamese Restaurant,43.81475710309658,-79.32388108904165
Steeles ,116,43.814135797424875,-79.32175162819078,Crown Jewel Fine Dining 御膳豪庭,Chinese Restaurant,43.813114,-79.322914
Steeles ,116,43.814135797424875,-79.32175162819078,Ookinza Fish House,Sushi Restaurant,43.815947,-79.322822
Steeles ,116,43.814135797424875,-79.32175162819078,Jeon Ju Hyang Restaurant,Korean Restaurant,43.814709417425554,-79.32376987233347
Steeles ,116,43.814135797424875,-79.32175162819078,McDonald's,Fast Food Restaurant,43.81594280857332,-79.32309699092042
Dufferin Grove ,83,43.655349168462756,-79.43728428110258,Pho Linh,Vietnamese Restaurant,43.65228962903497,-79.43406146756601
Dufferin Grove ,83,43.655349168462756,-79.43728428110258,Tavoos Restaurant,Middle Eastern Restaurant,43.65250122477732,-79.43305406736384
Dufferin Grove ,83,43.655349168462756,-79.43728428110258,Thai Express,Restaurant,43.656224,-79.435577
Dufferin Grove ,83,43.655349168462756,-79.43728428110258,Taco Bell,Restaurant,43.65798774461666,-79.43489238105826
Dufferin Grove ,83,43.655349168462756,-79.43728428110258,New York Fries - Dufferin Mall,Restaurant,43.65627289120331,-79.43515597253577
Dufferin Grove ,83,43.655349168462756,-79.43728428110258,Latin World,Mexican Restaurant,43.65875337351278,-79.44081672831604
Dufferin Grove ,83,43.655349168462756,-79.43728428110258,New York Fries,Fast Food Restaurant,43.6548469324171,-79.43529431162243
Dufferin Grove ,83,43.655349168462756,-79.43728428110258,Swiss Chalet,Restaurant,43.65494946516496,-79.43378626968581
Dufferin Grove ,83,43.655349168462756,-79.43728428110258,Pho Jade,Vietnamese Restaurant,43.659328223730505,-79.43843399689416
Dufferin Grove ,83,43.655349168462756,-79.43728428110258,Phoenix Pho,Vietnamese Restaurant,43.652134585548495,-79.43449466739331
Dufferin Grove ,83,43.655349168462756,-79.43728428110258,KFC,Fast Food Restaurant,43.6563,-79.4341
Dufferin Grove ,83,43.655349168462756,-79.43728428110258,Galaxy T&T Fresh Fruit & Vegetable,Vietnamese Restaurant,43.658566,-79.440704
Yonge-Eglinton ,100,43.70380723640983,-79.40447943680378,Sake Bar Kushi,Japanese Restaurant,43.70492346730393,-79.40695373525546
Yonge-Eglinton ,100,43.70380723640983,-79.40447943680378,Darbar,Persian Restaurant,43.704863139986706,-79.40774649663494
Yonge-Eglinton ,100,43.70380723640983,-79.40447943680378,Tokyo Sushi,Sushi Restaurant,43.704145677479275,-79.41063075217247
Yonge-Eglinton ,100,43.70380723640983,-79.40447943680378,A&W,Fast Food Restaurant,43.704555,-79.407625
Yonge-Eglinton ,100,43.70380723640983,-79.40447943680378,Ritz Caribbean Food,Caribbean Restaurant,43.706485581889645,-79.39976278634985
Yonge-Eglinton ,100,43.70380723640983,-79.40447943680378,Tim Hortons,Restaurant,43.70427271689105,-79.40919265153752
Yonge-Eglinton ,100,43.70380723640983,-79.40447943680378,Kimono,Sushi Restaurant,43.70424116320532,-79.41008497921086
North St.James Town ,74,43.66947479900789,-79.37453940745868,Mr. Jerk,Caribbean Restaurant,43.66732847256732,-79.37338943621165
North St.James Town ,74,43.66947479900789,-79.37453940745868,Tinuno,Filipino Restaurant,43.671280602820175,-79.37492016264389
North St.James Town ,74,43.66947479900789,-79.37453940745868,Murgatroid,Restaurant,43.66738149016019,-79.36931129229457
North St.James Town ,74,43.66947479900789,-79.37453940745868,Nijo Japanese Restaurant,Japanese Restaurant,43.671848798792055,-79.37882430813714
North St.James Town ,74,43.66947479900789,-79.37453940745868,A&W,Fast Food Restaurant,43.66641495866356,-79.37823495735253
Don Valley Village ,47,43.782201599407635,-79.35426219686782,Mr Jerk,Caribbean Restaurant,43.78593238518595,-79.35284203626418
Don Valley Village ,47,43.782201599407635,-79.35426219686782,Fish & Chips,Fast Food Restaurant,43.78574669442716,-79.3529168121403
Don Valley Village ,47,43.782201599407635,-79.35426219686782,Fit For Life,Fast Food Restaurant,43.77935234078756,-79.35056822110249
Mount Pleasant West ,104,43.70327679838961,-79.39353863543431,Balsamico,Italian Restaurant,43.70150469426698,-79.3971619446229
Mount Pleasant West ,104,43.70327679838961,-79.39353863543431,Little Sister,Indonesian Restaurant,43.70155150459908,-79.39716269656391
Mount Pleasant West ,104,43.70327679838961,-79.39353863543431,Five Doors North,Italian Restaurant,43.70223554183669,-79.39752587511825
Mount Pleasant West ,104,43.70327679838961,-79.39353863543431,Noorden Food x Bar,Restaurant,43.702814301684576,-79.3976454868861
Mount Pleasant West ,104,43.70327679838961,-79.39353863543431,Bar Buca,Italian Restaurant,43.706961,-79.394808
Mount Pleasant West ,104,43.70327679838961,-79.39353863543431,Marigold Indian Bistro,Indian Restaurant,43.702880859375,-79.38800811767578
Mount Pleasant West ,104,43.70327679838961,-79.39353863543431,Tabülè,Middle Eastern Restaurant,43.700931800454605,-79.39707754696065
Mount Pleasant West ,104,43.70327679838961,-79.39353863543431,Kinton Ramen,Ramen Restaurant,43.70730228095368,-79.39585408898294
Mount Pleasant West ,104,43.70327679838961,-79.39353863543431,Fresh,Vegetarian / Vegan Restaurant,43.707324410453595,-79.39564918411965
Mount Pleasant West ,104,43.70327679838961,-79.39353863543431,Echo Sushi,Sushi Restaurant,43.701276209959566,-79.39719155389227
Mount Pleasant West ,104,43.70327679838961,-79.39353863543431,The Keg Steakhouse + Bar - Yonge + Eglinton,Restaurant,43.70570154444578,-79.39790489107128
Mount Pleasant West ,104,43.70327679838961,-79.39353863543431,Zezafoun Syrian Cuisine,Syrian Restaurant,43.702667,-79.39712
Mount Pleasant West ,104,43.70327679838961,-79.39353863543431,Lola Sushi,Sushi Restaurant,43.70190300051086,-79.39754478712398
Mount Pleasant West ,104,43.70327679838961,-79.39353863543431,Zee Grill,Seafood Restaurant,43.70498511291793,-79.38847622354874
Mount Pleasant West ,104,43.70327679838961,-79.39353863543431,Grano,Italian Restaurant,43.701711544450895,-79.39731784785127
Mount Pleasant West ,104,43.70327679838961,-79.39353863543431,Coquine Restaurant,French Restaurant,43.70262346819862,-79.39742931913001
Mount Pleasant West ,104,43.70327679838961,-79.39353863543431,Sushi Supreme,Sushi Restaurant,43.70056322248802,-79.39711818948349
Mount Pleasant West ,104,43.70327679838961,-79.39353863543431,Sakae Sushi,Sushi Restaurant,43.70494407149989,-79.38870408604551
Mount Pleasant West ,104,43.70327679838961,-79.39353863543431,Positano,Italian Restaurant,43.704558,-79.38863854
Mount Pleasant West ,104,43.70327679838961,-79.39353863543431,Florentia Ristorante,Italian Restaurant,43.703594,-79.3879846
Mount Pleasant West ,104,43.70327679838961,-79.39353863543431,B.GOOD,Fast Food Restaurant,43.707127,-79.395801
Mount Pleasant West ,104,43.70327679838961,-79.39353863543431,Il Sogno,Italian Restaurant,43.70051970377133,-79.39694414493479
Mount Pleasant West ,104,43.70327679838961,-79.39353863543431,Zucca Trattoria,Italian Restaurant,43.70377712848633,-79.39782394178705
Mount Pleasant West ,104,43.70327679838961,-79.39353863543431,Boland's Open Kitchen,American Restaurant,43.70345770889594,-79.38821001837454
Mount Pleasant West ,104,43.70327679838961,-79.39353863543431,The Belsize Public House,New American Restaurant,43.702533638111404,-79.3877380008186
Victoria Village ,43,43.72707160122911,-79.32031556233697,The Frig,French Restaurant,43.72705130603407,-79.31741760908679
Scarborough Village ,139,43.735911676204054,-79.2139742963028,Halibut House Fish and Chips Inc.,Seafood Restaurant,43.737541,-79.217342
Greenwood-Coxwell ,65,43.67081922609801,-79.32382568663644,Motimahal,Indian Restaurant,43.672174809921415,-79.32253200796698
Greenwood-Coxwell ,65,43.67081922609801,-79.32382568663644,Lake Inez,Asian Restaurant,43.672520212121675,-79.32071230366756
Greenwood-Coxwell ,65,43.67081922609801,-79.32382568663644,Lahore Tikka House,Pakistani Restaurant,43.67166839018913,-79.3247037631388
Greenwood-Coxwell ,65,43.67081922609801,-79.32382568663644,Udupi Palace,Indian Restaurant,43.67247950462566,-79.32127455331215
Greenwood-Coxwell ,65,43.67081922609801,-79.32382568663644,Maha's Fine Egyptian Cuisine,Egyptian Restaurant,43.671757955479535,-79.3284444246658
Greenwood-Coxwell ,65,43.67081922609801,-79.32382568663644,Bombay Chowpatty,Indian Restaurant,43.67187525209221,-79.32411369274648
Greenwood-Coxwell ,65,43.67081922609801,-79.32382568663644,Hakka Wow,Indian Chinese Restaurant,43.672282,-79.322126
Greenwood-Coxwell ,65,43.67081922609801,-79.32382568663644,Occasions Restaurant,Restaurant,43.67320785674965,-79.31861239046192
Greenwood-Coxwell ,65,43.67081922609801,-79.32382568663644,Haandi 2000,Indian Restaurant,43.67192914440453,-79.32366244535852
Greenwood-Coxwell ,65,43.67081922609801,-79.32382568663644,Gautama,Indian Restaurant,43.67215025713003,-79.32287710601119
Greenwood-Coxwell ,65,43.67081922609801,-79.32382568663644,Karma's Kitchen,Tibetan Restaurant,43.671905,-79.323117
Greenwood-Coxwell ,65,43.67081922609801,-79.32382568663644,The Social Gardener,Vegetarian / Vegan Restaurant,43.671492504534825,-79.32576413751154
Greenwood-Coxwell ,65,43.67081922609801,-79.32382568663644,Baldev Paan House,Indian Restaurant,43.671861012130975,-79.3236844528519
Greenwood-Coxwell ,65,43.67081922609801,-79.32382568663644,The Pantry,Restaurant,43.67274,-79.319281
Bay Street Corridor ,76,43.66022951958655,-79.38901479982854,Mercatto,Italian Restaurant,43.660390911898546,-79.38766421192705
Bay Street Corridor ,76,43.66022951958655,-79.38901479982854,Nando's,Portuguese Restaurant,43.66172826,-79.38639146
Bay Street Corridor ,76,43.66022951958655,-79.38901479982854,Somethin' 2 Talk About,Middle Eastern Restaurant,43.65839479027968,-79.38533765920816
Bay Street Corridor ,76,43.66022951958655,-79.38901479982854,Lebanon Express,Falafel Restaurant,43.66099058425057,-79.38297576948105
Bay Street Corridor ,76,43.66022951958655,-79.38901479982854,KAKA,Japanese Restaurant,43.65745745164475,-79.38419169987876
Bay Street Corridor ,76,43.66022951958655,-79.38901479982854,Thai Express,Restaurant,43.655835,-79.38813
Bay Street Corridor ,76,43.66022951958655,-79.38901479982854,Pizzeria Via Mercanti,Italian Restaurant,43.65679034740686,-79.38631071713952
Banbury-Don Mills ,42,43.73861741071634,-79.34863581580899,Congee Queen 皇后名粥,Cantonese Restaurant,43.735977372912316,-79.34735561803191
Banbury-Don Mills ,42,43.73861741071634,-79.34863581580899,Paramount Fine Foods,Middle Eastern Restaurant,43.73654713885171,-79.34347318005996
Banbury-Don Mills ,42,43.73861741071634,-79.34863581580899,Fabbrica,Italian Restaurant,43.736690644491425,-79.34495158253722
L'Amoreaux ,117,43.79146057995261,-79.30967739438486,Happy Lamb Hot Pot,Hotpot Restaurant,43.79161068939604,-79.31326863757754
L'Amoreaux ,117,43.79146057995261,-79.30967739438486,Dumpling & Szechuan Cuisine（川流不息店）,Chinese Restaurant,43.79156742171714,-79.31290015833144
Trinity-Bellwoods ,81,43.650591450868994,-79.41585710847977,Rhum Corner,Restaurant,43.65089556873813,-79.41316982839948
Trinity-Bellwoods ,81,43.650591450868994,-79.41585710847977,Foxley Bistro,Asian Restaurant,43.648642746283834,-79.42049525794245
Trinity-Bellwoods ,81,43.650591450868994,-79.41585710847977,La Banane,French Restaurant,43.64904020618134,-79.42059946263156
Trinity-Bellwoods ,81,43.650591450868994,-79.41585710847977,Bazara,Japanese Restaurant,43.64853491212856,-79.4205209529485
Trinity-Bellwoods ,81,43.650591450868994,-79.41585710847977,Marinella Simply Italian,Italian Restaurant,43.655028517585365,-79.41578415431819
Trinity-Bellwoods ,81,43.650591450868994,-79.41585710847977,La Palma,Italian Restaurant,43.651425690080174,-79.4102625042409
Trinity-Bellwoods ,81,43.650591450868994,-79.41585710847977,Cafe 668,Asian Restaurant,43.6511022937768,-79.41165356427142
Trinity-Bellwoods ,81,43.650591450868994,-79.41585710847977,Kasai Grill House,Korean Restaurant,43.655046185646796,-79.41610841087773
Trinity-Bellwoods ,81,43.650591450868994,-79.41585710847977,Sashimi Island,Sushi Restaurant,43.654927880038386,-79.4151606295883
Trinity-Bellwoods ,81,43.650591450868994,-79.41585710847977,Ghazale,Middle Eastern Restaurant,43.65504407620393,-79.41634449534261
Trinity-Bellwoods ,81,43.650591450868994,-79.41585710847977,Urban Thai,Thai Restaurant,43.654925112248286,-79.41557957805794
Weston-Pellam Park ,91,43.67292801896069,-79.45558529844811,Sabor Brasil Restaurant,Brazilian Restaurant,43.67444516608626,-79.45922778096221
Weston-Pellam Park ,91,43.67292801896069,-79.45558529844811,Pho Xua,Vietnamese Restaurant,43.674056,-79.461112
Weston-Pellam Park ,91,43.67292801896069,-79.45558529844811,Cùu Long Miên Tây,Vietnamese Restaurant,43.674141834496375,-79.46051957889887
Weston-Pellam Park ,91,43.67292801896069,-79.45558529844811,Porto Novo,Portuguese Restaurant,43.675792436006596,-79.45331145878284
Weston-Pellam Park ,91,43.67292801896069,-79.45558529844811,Bánh Cuôn Phò Gà,Vietnamese Restaurant,43.674076,-79.460987
Eringate-Centennial-West Deane ,11,43.65920164871945,-79.58253066479463,Golden Wok Chinese Restaurant,Chinese Restaurant,43.66049068196177,-79.58231896162033
Bridle Path-Sunnybrook-York Mills ,41,43.73298873939063,-79.3709424745729,Zio's House,Italian Restaurant,43.73451688383278,-79.36808824539185
Rockcliffe-Smythe ,111,43.67575456986071,-79.49825838027688,Island Breeze,Asian Restaurant,43.67742716216074,-79.49604614685293
Danforth East York ,59,43.68921514891051,-79.33109135666835,Paul's Spaghetti,Italian Restaurant,43.692984,-79.333487
Elms-Old Rexdale ,5,43.7234166213205,-79.54703347098148,Etob Restaurant,African Restaurant,43.725495473121335,-79.55127503928966
Elms-Old Rexdale ,5,43.7234166213205,-79.54703347098148,Al-Aruba Restaurant,African Restaurant,43.725495,-79.551412
Eglinton East ,138,43.74303004213847,-79.24567683042171,Jamalicious,Caribbean Restaurant,43.74373009142719,-79.24579330051705
Wexford/Maryvale ,119,43.75512124074966,-79.30239993553603,Dounia Restaurant,Middle Eastern Restaurant,43.75455093383789,-79.29828643798828
Alderwood ,20,43.6069478794947,-79.54476773766149,Morocco House,Moroccan Restaurant,43.609938,-79.54902
Agincourt South-Malvern West ,128,43.7898036539727,-79.26516479537746,Yummy Cantonese Restaurant 老西関腸粉,Cantonese Restaurant,43.787567846730724,-79.26958536632105
Agincourt South-Malvern West ,128,43.7898036539727,-79.26516479537746,The Captain's Boil,Seafood Restaurant,43.788100937060236,-79.26508523996
Agincourt South-Malvern West ,128,43.7898036539727,-79.26516479537746,Gourmet Malaysia 膳園,Malay Restaurant,43.7881184598393,-79.26667771236072
Agincourt South-Malvern West ,128,43.7898036539727,-79.26516479537746,Congee Me 小米粥鋪,Chinese Restaurant,43.787391662597656,-79.26838684082031
Agincourt South-Malvern West ,128,43.7898036539727,-79.26516479537746,Jesse Jr. (Filipino Foods & Restaurant),Restaurant,43.78756491773208,-79.26880977111882
Agincourt South-Malvern West ,128,43.7898036539727,-79.26516479537746,Asian Legend 味香村,Chinese Restaurant,43.78806782493317,-79.26676821861626
Agincourt South-Malvern West ,128,43.7898036539727,-79.26516479537746,Borsalino,Mediterranean Restaurant,43.7881209225317,-79.26504908695252
Agincourt South-Malvern West ,128,43.7898036539727,-79.26516479537746,Joey Bravo's Italian Restaurant,American Restaurant,43.788071,-79.265134
Agincourt South-Malvern West ,128,43.7898036539727,-79.26516479537746,Katsuya,Japanese Restaurant,43.788227,-79.26725
Agincourt South-Malvern West ,128,43.7898036539727,-79.26516479537746,Shanghai Dim Sum,Chinese Restaurant,43.78703615843197,-79.26938030256589
Agincourt South-Malvern West ,128,43.7898036539727,-79.26516479537746,Perfect Chinese Restaurant 雅瓊海鮮酒家,Chinese Restaurant,43.78777423062292,-79.27029393705004
Agincourt South-Malvern West ,128,43.7898036539727,-79.26516479537746,Dumpling House 餃子莊,Chinese Restaurant,43.787208821092754,-79.26990941663193
Agincourt South-Malvern West ,128,43.7898036539727,-79.26516479537746,Fountain Cuisine 奉天一品,Dim Sum Restaurant,43.78836,-79.26821
Little Portugal ,84,43.64680614246963,-79.4328871348979,Sukho Thai,Thai Restaurant,43.64964167678855,-79.43025432767807
Little Portugal ,84,43.64680614246963,-79.4328871348979,Antler,Restaurant,43.64965241606716,-79.43054140300441
Little Portugal ,84,43.64680614246963,-79.4328871348979,Bairrada Churrasqueira,Portuguese Restaurant,43.649982297901076,-79.4340029197903
Little Portugal ,84,43.64680614246963,-79.4328871348979,Le Baratin,French Restaurant,43.64988933079865,-79.43515483102769
Little Portugal ,84,43.64680614246963,-79.4328871348979,The Federal,Restaurant,43.64966292229827,-79.43006581758533
Little Portugal ,84,43.64680614246963,-79.4328871348979,Uncle Mikey's,Korean Restaurant,43.64981738841562,-79.43489134311676
Little Portugal ,84,43.64680614246963,-79.4328871348979,Mezu,Korean Restaurant,43.649432,-79.427925
Little Portugal ,84,43.64680614246963,-79.4328871348979,Pho Phuong,Vietnamese Restaurant,43.64986318779196,-79.43520391242026
Agincourt North ,129,43.80604316043266,-79.25942778869258,Samosa King - Embassy Restaurant,Indian Restaurant,43.81015178654958,-79.25731635003477
Junction Area ,90,43.66735221870033,-79.47379337793656,Curry Twist,Indian Restaurant,43.66558068434231,-79.47054074311107
Junction Area ,90,43.66735221870033,-79.47379337793656,Junction Local,Cajun / Creole Restaurant,43.665646,-79.47237
Junction Area ,90,43.66735221870033,-79.47379337793656,Lan Sushi,Sushi Restaurant,43.665507174321554,-79.46882453117938
Junction Area ,90,43.66735221870033,-79.47379337793656,Pho Huong,Vietnamese Restaurant,43.665317424998065,-79.46854833967228
Junction Area ,90,43.66735221870033,-79.47379337793656,Bricco Wine Bar,Italian Restaurant,43.665385,-79.470865
Junction Area ,90,43.66735221870033,-79.47379337793656,The Friendly Thai,Thai Restaurant,43.665540244616984,-79.47048031151444
Junction Area ,90,43.66735221870033,-79.47379337793656,Leela Indian Food Bar,Indian Restaurant,43.665326029741365,-79.47330594062805
Blake-Jones ,69,43.67329216993508,-79.33779832117241,Tropical Joe's,Caribbean Restaurant,43.66971566836941,-79.33915330822283
Blake-Jones ,69,43.67329216993508,-79.33779832117241,Chula Taberna Mexicana,Mexican Restaurant,43.66923314512145,-79.33590599288392
Blake-Jones ,69,43.67329216993508,-79.33779832117241,Com Tam Dao Vien/Peach Garden Express,Vietnamese Restaurant,43.66880618579735,-79.3377334022666
Blake-Jones ,69,43.67329216993508,-79.33779832117241,KFC,Fast Food Restaurant,43.6691,-79.3393
Forest Hill North ,102,43.70360612455265,-79.42724357851476,Jerusalem Restaurant,Middle Eastern Restaurant,43.70024147908061,-79.42895714630743
Forest Hill North ,102,43.70360612455265,-79.42724357851476,Il Mulino,Italian Restaurant,43.69997901146859,-79.43071961082923
Forest Hill North ,102,43.70360612455265,-79.42724357851476,Bi Bim Bap,Korean Restaurant,43.70035223811227,-79.42871533999565
Forest Hill North ,102,43.70360612455265,-79.42724357851476,Swiss Chalet,Restaurant,43.700213098161875,-79.42857044571161
Forest Hill North ,102,43.70360612455265,-79.42724357851476,Bistro Grande,Restaurant,43.70020876192952,-79.42959006976555
Forest Hill North ,102,43.70360612455265,-79.42724357851476,Sushi Ocean,Sushi Restaurant,43.70015859603882,-79.429663
Hillcrest Village ,48,43.801618515712555,-79.35947366204765,New York Fries,Fast Food Restaurant,43.80366383775661,-79.36390544874158
Danforth ,66,43.68352121541558,-79.33072342364169,The Wren,American Restaurant,43.6824674097841,-79.32807925839526
Danforth ,66,43.68352121541558,-79.33072342364169,Al Mandi Restaurant مطعم المندي,Middle Eastern Restaurant,43.682225048864694,-79.32933205287013
Danforth ,66,43.68352121541558,-79.33072342364169,Rendez-Vous Restaurant Bar & Cafe,Ethiopian Restaurant,43.68257026831632,-79.32754382523993
Danforth ,66,43.68352121541558,-79.33072342364169,City Betty,American Restaurant,43.6824,-79.32873
Danforth ,66,43.68352121541558,-79.33072342364169,Sala Modern Thai Kitchen & Bar,Thai Restaurant,43.68188522065964,-79.33072046699459
Danforth ,66,43.68352121541558,-79.33072342364169,Lalibela,Ethiopian Restaurant,43.6817099,-79.33199890000003
Danforth ,66,43.68352121541558,-79.33072342364169,Wazema Ethiopian Restaurant,Ethiopian Restaurant,43.68223421,-79.328562
Danforth ,66,43.68352121541558,-79.33072342364169,A&W,Fast Food Restaurant,43.68164,-79.332268
Danforth ,66,43.68352121541558,-79.33072342364169,El Sol Mexican Gallery Restaurant,Mexican Restaurant,43.68280647380088,-79.3264150533403
University ,79,43.66270164911288,-79.39573151171598,The Saj,Mediterranean Restaurant,43.65878737223263,-79.39520834668025
University ,79,43.66270164911288,-79.39573151171598,Quick Pita,Falafel Restaurant,43.65879751594094,-79.39513763494665
Yorkdale-Glen Park ,31,43.71745792679319,-79.4527512191505,Krystos,Greek Restaurant,43.71851626753137,-79.45585522412502
Yorkdale-Glen Park ,31,43.71745792679319,-79.4527512191505,Harvey's,Restaurant,43.71533697302975,-79.45539587874885
Yorkdale-Glen Park ,31,43.71745792679319,-79.4527512191505,Swiss Chalet,Restaurant,43.71722432853837,-79.45622274434868
Yorkdale-Glen Park ,31,43.71745792679319,-79.4527512191505,Yuki Japanese Restaurant,Sushi Restaurant,43.72060971477955,-79.45611946822187
Yorkdale-Glen Park ,31,43.71745792679319,-79.4527512191505,The Burger's Priest,Fast Food Restaurant,43.7207893797841,-79.45676631978057
Yorkdale-Glen Park ,31,43.71745792679319,-79.4527512191505,Red Lobster,Seafood Restaurant,43.718952,-79.456245
Yorkdale-Glen Park ,31,43.71745792679319,-79.4527512191505,Viet House,Vietnamese Restaurant,43.71832569840717,-79.45737310259787
Yorkdale-Glen Park ,31,43.71745792679319,-79.4527512191505,Burger King,Fast Food Restaurant,43.714209646677354,-79.45639595389366
Yorkdale-Glen Park ,31,43.71745792679319,-79.4527512191505,Shoeless Joe's,Restaurant,43.718625360000004,-79.45599258
Yorkdale-Glen Park ,31,43.71745792679319,-79.4527512191505,KFC,Fast Food Restaurant,43.7166,-79.447
Yorkdale-Glen Park ,31,43.71745792679319,-79.4527512191505,McDonald's,Fast Food Restaurant,43.71714,-79.4473542
Yorkdale-Glen Park ,31,43.71745792679319,-79.4527512191505,Seoul House,Korean Restaurant,43.71990210821056,-79.4578317328269
Kensington-Chinatown ,78,43.653789174067356,-79.39686951041524,Banh Mi Nguyen Huong,Vietnamese Restaurant,43.653628006211044,-79.3983759881993
Kensington-Chinatown ,78,43.653789174067356,-79.39686951041524,Saigon Lotus Restaurant,Vietnamese Restaurant,43.654310800343325,-79.39922450076845
Kensington-Chinatown ,78,43.653789174067356,-79.39686951041524,Seven Lives - Tacos y Mariscos,Mexican Restaurant,43.65441817160925,-79.40054467846261
Kensington-Chinatown ,78,43.653789174067356,-79.39686951041524,Torteria San Cosme,Mexican Restaurant,43.65470199390117,-79.40064636669985
Kensington-Chinatown ,78,43.653789174067356,-79.39686951041524,Swatow Restaurant 汕頭小食家,Chinese Restaurant,43.65386562507761,-79.39833353339202
Kensington-Chinatown ,78,43.653789174067356,-79.39686951041524,Juicy Dumpling,Dumpling Restaurant,43.652722483150555,-79.39849796387996
Kensington-Chinatown ,78,43.653789174067356,-79.39686951041524,Vegetarian Haven,Vegetarian / Vegan Restaurant,43.656016028357094,-79.3927577742003
Kensington-Chinatown ,78,43.653789174067356,-79.39686951041524,Wafels and More,Belgian Restaurant,43.65465108367296,-79.40197747917576
Kensington-Chinatown ,78,43.653789174067356,-79.39686951041524,Golden Patty,Caribbean Restaurant,43.6546590586465,-79.4011788108254
Kensington-Chinatown ,78,43.653789174067356,-79.39686951041524,Hibiscus,Vegetarian / Vegan Restaurant,43.655454254557085,-79.4024390910271
Kensington-Chinatown ,78,43.653789174067356,-79.39686951041524,FILM CAFE,Comfort Food Restaurant,43.65510856565147,-79.40234241534543
Kensington-Chinatown ,78,43.653789174067356,-79.39686951041524,Helena's Magic Kitchen,Restaurant,43.6537970351196,-79.39116758610888
Old East York ,58,43.69865482695245,-79.33599705649053,Harbour FISH and CHIPS,Seafood Restaurant,43.69575928146644,-79.33948449035833
Palmerston-Little Italy ,80,43.65876742197174,-79.41801527160663,YamChops,Vegetarian / Vegan Restaurant,43.65519423107115,-79.41809919894195
Palmerston-Little Italy ,80,43.65876742197174,-79.41801527160663,Terrazza,Italian Restaurant,43.6590214750295,-79.42246675466289
Palmerston-Little Italy ,80,43.65876742197174,-79.41801527160663,Bar Isabel,Tapas Restaurant,43.65478181377258,-79.42071689593973
Palmerston-Little Italy ,80,43.65876742197174,-79.41801527160663,Pinky's Ca Phe,Asian Restaurant,43.65553023379977,-79.4138787532894
Palmerston-Little Italy ,80,43.65876742197174,-79.41801527160663,Hot Mess,Tex-Mex Restaurant,43.655011,-79.414638
Palmerston-Little Italy ,80,43.65876742197174,-79.41801527160663,Marinella Simply Italian,Italian Restaurant,43.655028517585365,-79.41578415431819
Palmerston-Little Italy ,80,43.65876742197174,-79.41801527160663,Skippa,Japanese Restaurant,43.65869770122747,-79.42278385162354
Palmerston-Little Italy ,80,43.65876742197174,-79.41801527160663,Hapa Izakaya,Japanese Restaurant,43.655281492914376,-79.41419145285809
Palmerston-Little Italy ,80,43.65876742197174,-79.41801527160663,Regina Pizzeria & Trattoria,Italian Restaurant,43.654806927254555,-79.42078995270712
Niagara ,82,43.631735137534974,-79.4148734349127,Maxx’s Kitchen,Restaurant,43.632579,-79.411721
Bedford Park-Nortown ,39,43.73908910297025,-79.41655595798473,The Copper Chimney,Indian Restaurant,43.73619518432498,-79.42027081330127
Bedford Park-Nortown ,39,43.73908910297025,-79.41655595798473,Darbar Persian Grill,Restaurant,43.735484,-79.420006
Bedford Park-Nortown ,39,43.73908910297025,-79.41655595798473,Karbouzi Greek Taverna,Greek Restaurant,43.7362044620751,-79.42035885441898
Bedford Park-Nortown ,39,43.73908910297025,-79.41655595798473,Satay on the Road,Thai Restaurant,43.735310312009226,-79.41978338676937
Bayview Village ,52,43.77330270501555,-79.37301756514371,Shatter Abbas,Persian Restaurant,43.769997628351945,-79.37443439177133
Bayview Village ,52,43.77330270501555,-79.37301756514371,Peking Man 牛家莊,Chinese Restaurant,43.770886228080634,-79.36945927876354
Bayview Village ,52,43.77330270501555,-79.37301756514371,McDonald's,Fast Food Restaurant,43.769855,-79.3706242
Woburn ,137,43.76593790754816,-79.22321588539639,Govardhan Thal,Indian Restaurant,43.767495947512856,-79.22847558069367
Woburn ,137,43.76593790754816,-79.22321588539639,Bombay Palace,Indian Restaurant,43.767057,-79.227682
Bendale ,127,43.75587523966815,-79.25206759902852,Ding Ho Chinese Food,Chinese Restaurant,43.75350728078251,-79.25354224810086
Regent Park ,72,43.660528067206805,-79.35802390590494,Thai To Go,Thai Restaurant,43.663418,-79.36071
Regent Park ,72,43.660528067206805,-79.35802390590494,Impact Kitchen,Restaurant,43.65636850543279,-79.35697968750694
Regent Park ,72,43.660528067206805,-79.35802390590494,Paintbox Bistro,Restaurant,43.660050475903624,-79.36285470971839
Regent Park ,72,43.660528067206805,-79.35802390590494,Wendy’s,Fast Food Restaurant,43.660403362711776,-79.36062902212149
Regent Park ,72,43.660528067206805,-79.35802390590494,Tim Hortons,Restaurant,43.659935,-79.3613063
Flemingdon Park ,44,43.71663560282856,-79.33492666763476,Shaheen Tikka & Kabab House,Pakistani Restaurant,43.71401101858947,-79.33429628953289
Flemingdon Park ,44,43.71663560282856,-79.33492666763476,Osaka,Japanese Restaurant,43.714044345813946,-79.33499992750718
Flemingdon Park ,44,43.71663560282856,-79.33492666763476,McDonald's,Fast Food Restaurant,43.714692448066195,-79.33381727976229
Flemingdon Park ,44,43.71663560282856,-79.33492666763476,Itamae AYCE Sushi,Japanese Restaurant,43.71399796570365,-79.3354839499425
Flemingdon Park ,44,43.71663560282856,-79.33492666763476,Afghan Village Restaurant,Middle Eastern Restaurant,43.71382869300714,-79.33498978614807
Flemingdon Park ,44,43.71663560282856,-79.33492666763476,Pita Land,Falafel Restaurant,43.714177658294346,-79.3355369567871
Keelesdale-Eglinton West ,110,43.686268155590156,-79.46672757063857,Banaboia,Portuguese Restaurant,43.68195140016231,-79.46807859974864
Moss Park ,73,43.656394370073556,-79.36192472526655,Impact Kitchen,Restaurant,43.65636850543279,-79.35697968750694
Moss Park ,73,43.656394370073556,-79.36192472526655,Souvlaki Express,Greek Restaurant,43.65558391537734,-79.36443816909016
Moss Park ,73,43.656394370073556,-79.36192472526655,Sukhothai,Thai Restaurant,43.658444465539525,-79.36568085121628
Moss Park ,73,43.656394370073556,-79.36192472526655,Paintbox Bistro,Restaurant,43.660050475903624,-79.36285470971839
Moss Park ,73,43.656394370073556,-79.36192472526655,Tim Hortons,Restaurant,43.659935,-79.3613063
Moss Park ,73,43.656394370073556,-79.36192472526655,Wendy’s,Fast Food Restaurant,43.660403362711776,-79.36062902212149
Morningside ,135,43.782338497762545,-79.20980076368517,Wendy’s,Fast Food Restaurant,43.78327147889442,-79.20439302921295
Mimico  ,17,43.61920496193333,-79.48235952498692,Tich - Modern Indian Cuisine,Indian Restaurant,43.617585236576126,-79.48729759424594
Mimico  ,17,43.61920496193333,-79.48235952498692,Oro Di Napoli,Italian Restaurant,43.617683,-79.487393
Mimico  ,17,43.61920496193333,-79.48235952498692,Scaddabush Italian Kitchen & Bar,Italian Restaurant,43.6228003,-79.4790293
Lawrence Park North ,105,43.72859243013699,-79.40513424622213,Riz North,Asian Restaurant,43.730791502496054,-79.40371860011433
Lawrence Park North ,105,43.72859243013699,-79.40513424622213,Shoushin,Sushi Restaurant,43.73138018653297,-79.40396058978317
Lawrence Park North ,105,43.72859243013699,-79.40513424622213,Shinobu by Maki Sushi,Japanese Restaurant,43.73256202476285,-79.40414749141355
Lawrence Park North ,105,43.72859243013699,-79.40513424622213,Gamberoni,Italian Restaurant,43.72951504502395,-79.40347684255251
Lawrence Park North ,105,43.72859243013699,-79.40513424622213,The Burger's Priest,Fast Food Restaurant,43.73257633758602,-79.40392240712367
Lawrence Park North ,105,43.72859243013699,-79.40513424622213,Shichimi Sushi,Sushi Restaurant,43.72888125625912,-79.4031682620572
Lawrence Park North ,105,43.72859243013699,-79.40513424622213,the sushi bar,Sushi Restaurant,43.73181562279041,-79.40379017911593
Lawrence Park North ,105,43.72859243013699,-79.40513424622213,Trio Ristorante Pizzeria,Italian Restaurant,43.72880926185491,-79.40314913731548
Lawrence Park North ,105,43.72859243013699,-79.40513424622213,Coppi Ristorante,Italian Restaurant,43.73159254236984,-79.40388881011391
Lawrence Park North ,105,43.72859243013699,-79.40513424622213,Cravings,Asian Restaurant,43.732454613454046,-79.4040956461909
Lawrence Park North ,105,43.72859243013699,-79.40513424622213,McDonald's,Fast Food Restaurant,43.73267757826765,-79.4045334745723
Corso Italia-Davenport ,92,43.675648587878136,-79.45081295893648,Agio Italian Ristorante,Italian Restaurant,43.67615560949629,-79.45057434036129
Corso Italia-Davenport ,92,43.675648587878136,-79.45081295893648,Frank's Pizza House,Italian Restaurant,43.67663712275058,-79.44904238982578
Corso Italia-Davenport ,92,43.675648587878136,-79.45081295893648,Rio 40 Graus,Brazilian Restaurant,43.677328742764786,-79.44629832285649
Corso Italia-Davenport ,92,43.675648587878136,-79.45081295893648,The Big Ragu,Italian Restaurant,43.675960590856086,-79.45046474800947
Corso Italia-Davenport ,92,43.675648587878136,-79.45081295893648,Sushi California,Sushi Restaurant,43.67748014783461,-79.44553832423071
Corso Italia-Davenport ,92,43.675648587878136,-79.45081295893648,La Bruschetta,Italian Restaurant,43.676609610911505,-79.44891259686798
Corso Italia-Davenport ,92,43.675648587878136,-79.45081295893648,Porto Novo,Portuguese Restaurant,43.675792436006596,-79.45331145878284
Markland Wood ,12,43.632597883357455,-79.57276823890803,McDonald's,Fast Food Restaurant,43.63161266323292,-79.57522279692154
Malvern ,132,43.803432597234135,-79.22234276217029,KFC,Fast Food Restaurant,43.806811867682626,-79.22078609079313
Malvern ,132,43.803432597234135,-79.22234276217029,McDonald's,Fast Food Restaurant,43.8062593,-79.2214459
Malvern ,132,43.803432597234135,-79.22234276217029,Taco Bell,Restaurant,43.80685315695752,-79.22085926872035
Etobicoke West Mall ,13,43.643009638359935,-79.56886403959864,Flamingo's,Mediterranean Restaurant,43.6441128,-79.5739274
Runnymede-Bloor West Village ,89,43.66020982086,-79.48833205858757,El Arriero Restaurante,Latin American Restaurant,43.655843,-79.487184
Dovercourt-Wallace Emerson-Junction ,93,43.66648818092098,-79.44196719788808,Parallel,Middle Eastern Restaurant,43.66951635632503,-79.43872770646192
Dovercourt-Wallace Emerson-Junction ,93,43.66648818092098,-79.44196719788808,Cantanhede O Bairradino,Portuguese Restaurant,43.66254634403038,-79.4446564259842
Cliffcrest ,123,43.71049804712429,-79.23128925756201,Bluffer's Restaurant,Seafood Restaurant,43.70695691420951,-79.2309589769075
Church-Yonge Corridor ,75,43.65903255161806,-79.3791364971961,Kinton Ramen,Ramen Restaurant,43.660631695006714,-79.37887964897601
Church-Yonge Corridor ,75,43.65903255161806,-79.3791364971961,Kinka Izakaya Original,Japanese Restaurant,43.66059636632361,-79.37889120754515
Church-Yonge Corridor ,75,43.65903255161806,-79.3791364971961,Salad King,Thai Restaurant,43.65760101432665,-79.38161963017174
Church-Yonge Corridor ,75,43.65903255161806,-79.3791364971961,Hokkaido Ramen Santouka らーめん山頭火,Ramen Restaurant,43.65643520293576,-79.37758637997793
Church-Yonge Corridor ,75,43.65903255161806,-79.3791364971961,The Elm Tree Restaurant,Modern European Restaurant,43.65739749535259,-79.38376054171513
Church-Yonge Corridor ,75,43.65903255161806,-79.3791364971961,Chipotle Mexican Grill,Mexican Restaurant,43.65686,-79.38091
Church-Yonge Corridor ,75,43.65903255161806,-79.3791364971961,Ali Baba's - Yonge north of Dundas,Middle Eastern Restaurant,43.6578670583589,-79.3811759912352
Church-Yonge Corridor ,75,43.65903255161806,-79.3791364971961,Lebanon Express,Falafel Restaurant,43.66099058425057,-79.38297576948105
Church-Yonge Corridor ,75,43.65903255161806,-79.3791364971961,Katsuya,Japanese Restaurant,43.65986035759321,-79.37878806223506
Church-Yonge Corridor ,75,43.65903255161806,-79.3791364971961,Scaddabush Italian Kitchen & Bar,Italian Restaurant,43.658920292028725,-79.38289105381784
Church-Yonge Corridor ,75,43.65903255161806,-79.3791364971961,Kabul Express,Middle Eastern Restaurant,43.65669146835466,-79.37664313658586
Church-Yonge Corridor ,75,43.65903255161806,-79.3791364971961,GB Hand-Pulled Noodles,Chinese Restaurant,43.65643422548463,-79.3837827356398
Church-Yonge Corridor ,75,43.65903255161806,-79.3791364971961,JOEY Eaton Centre,New American Restaurant,43.6560936540828,-79.38187792357716
Church-Yonge Corridor ,75,43.65903255161806,-79.3791364971961,Bangkok Garden,Thai Restaurant,43.6578702903203,-79.38283718957292
Church-Yonge Corridor ,75,43.65903255161806,-79.3791364971961,Red Lobster,Seafood Restaurant,43.656328,-79.383621
Church-Yonge Corridor ,75,43.65903255161806,-79.3791364971961,KAKA,Japanese Restaurant,43.65745745164475,-79.38419169987876
Church-Yonge Corridor ,75,43.65903255161806,-79.3791364971961,Ethiopiques,Ethiopian Restaurant,43.65651274304155,-79.377077748846
Church-Yonge Corridor ,75,43.65903255161806,-79.3791364971961,Pita Way,Falafel Restaurant,43.661512057192034,-79.3810065733131
Church-Yonge Corridor ,75,43.65903255161806,-79.3791364971961,Paramount Fine Foods,Middle Eastern Restaurant,43.65502870847598,-79.38024513018975
Church-Yonge Corridor ,75,43.65903255161806,-79.3791364971961,Jack Astor's Bar & Grill,Restaurant,43.65601939992059,-79.38032551379719
Church-Yonge Corridor ,75,43.65903255161806,-79.3791364971961,Bourbon St. Grill,Fast Food Restaurant,43.6551351410162,-79.3808225262395
Church-Yonge Corridor ,75,43.65903255161806,-79.3791364971961,Pita Land,Falafel Restaurant,43.66025329859701,-79.37710715521973
Church-Yonge Corridor ,75,43.65903255161806,-79.3791364971961,Daily Sushi,Sushi Restaurant,43.66138539281109,-79.38157955833417
Church-Yonge Corridor ,75,43.65903255161806,-79.3791364971961,Fine Asian Bowl,Vietnamese Restaurant,43.6553866,-79.3803264
East End-Danforth ,62,43.68341895546537,-79.29943969125505,Cool Runnings,Caribbean Restaurant,43.68349688997171,-79.30001696869618
East End-Danforth ,62,43.68341895546537,-79.29943969125505,Saks Fine Foods,Restaurant,43.683966939245316,-79.30011145002373
Briar Hill-Belgravia ,108,43.69592765477582,-79.45747401424674,Sushi Zuki,Japanese Restaurant,43.69449449646573,-79.45614091259421
Briar Hill-Belgravia ,108,43.69592765477582,-79.45747401424674,Babos Dönerpoint,Falafel Restaurant,43.69324926907298,-79.46185093463188
Cabbagetown-South St.James Town ,71,43.66968614921851,-79.36508481804394,F'Amelia,Italian Restaurant,43.66753590663226,-79.36861331485827
Cabbagetown-South St.James Town ,71,43.66968614921851,-79.36508481804394,Murgatroid,Restaurant,43.66738149016019,-79.36931129229457
Cabbagetown-South St.James Town ,71,43.66968614921851,-79.36508481804394,Kingyo Toronto,Japanese Restaurant,43.66589495808371,-79.36841520638596
Cabbagetown-South St.James Town ,71,43.66968614921851,-79.36508481804394,Butter Chicken Factory,Indian Restaurant,43.66707247004843,-79.36918422958169
Ionview ,125,43.731223387590134,-79.27227695939754,Chung Moi,Chinese Restaurant,43.73232776751296,-79.26932737877392
Playter Estates-Danforth ,67,43.6792605162829,-79.3564342505548,7 Numbers,Italian Restaurant,43.677061774959824,-79.35393428891682
Playter Estates-Danforth ,67,43.6792605162829,-79.3564342505548,Tapas at Embrujo,Tapas Restaurant,43.67617503951251,-79.35841083526611
Playter Estates-Danforth ,67,43.6792605162829,-79.3564342505548,Rikkochez,Restaurant,43.677267,-79.353274
Playter Estates-Danforth ,67,43.6792605162829,-79.3564342505548,Pantheon,Greek Restaurant,43.67762124481265,-79.35143390043564
Playter Estates-Danforth ,67,43.6792605162829,-79.3564342505548,Mambo Lounge,Cuban Restaurant,43.676514618632446,-79.35820185974248
Playter Estates-Danforth ,67,43.6792605162829,-79.3564342505548,Ryus Noodle Bar,Ramen Restaurant,43.67708634637724,-79.35889401670757
Playter Estates-Danforth ,67,43.6792605162829,-79.3564342505548,Kalyvia,Greek Restaurant,43.6779727,-79.3512077
Playter Estates-Danforth ,67,43.6792605162829,-79.3564342505548,Carrot Commons,Restaurant,43.6774845518262,-79.35307562861175
Playter Estates-Danforth ,67,43.6792605162829,-79.3564342505548,Factory Girl,American Restaurant,43.67669287762859,-79.35629876225282
Playter Estates-Danforth ,67,43.6792605162829,-79.3564342505548,Sher-E-Punjab,Indian Restaurant,43.67730788939673,-79.35306551709385
Playter Estates-Danforth ,67,43.6792605162829,-79.3564342505548,Globe Bistro,New American Restaurant,43.67667960122584,-79.35815459032536
Playter Estates-Danforth ,67,43.6792605162829,-79.3564342505548,Astoria Shish Kebob House,Greek Restaurant,43.677596,-79.351738
Playter Estates-Danforth ,67,43.6792605162829,-79.3564342505548,Momo Hut And Gardens,Tibetan Restaurant,43.677491,-79.351516
Playter Estates-Danforth ,67,43.6792605162829,-79.3564342505548,Ali Baba's,Falafel Restaurant,43.67637721694004,-79.35808851148246
Playter Estates-Danforth ,67,43.6792605162829,-79.3564342505548,A&W,Fast Food Restaurant,43.6759,-79.35884
Oakwood Village ,107,43.68900077262903,-79.43807968753995,Monami 153 Sushi,Japanese Restaurant,43.68753999230954,-79.43888263723545
Oakwood Village ,107,43.68900077262903,-79.43807968753995,New Casa Abril,Seafood Restaurant,43.69118526770723,-79.44010997487813
Mount Pleasant East ,99,43.704431738660105,-79.38601188447248,Marigold Indian Bistro,Indian Restaurant,43.702880859375,-79.38800811767578
Mount Pleasant East ,99,43.704431738660105,-79.38601188447248,Zee Grill,Seafood Restaurant,43.70498511291793,-79.38847622354874
Mount Pleasant East ,99,43.704431738660105,-79.38601188447248,Florentia Ristorante,Italian Restaurant,43.703594,-79.3879846
Mount Pleasant East ,99,43.704431738660105,-79.38601188447248,Sakae Sushi,Sushi Restaurant,43.70494407149989,-79.38870408604551
Mount Pleasant East ,99,43.704431738660105,-79.38601188447248,Positano,Italian Restaurant,43.704558,-79.38863854
Mount Pleasant East ,99,43.704431738660105,-79.38601188447248,Thai Spicy House,Thai Restaurant,43.7019616162845,-79.3875129672506
Mount Pleasant East ,99,43.704431738660105,-79.38601188447248,souvlaki express,Greek Restaurant,43.70737794652891,-79.38984793934696
Mount Pleasant East ,99,43.704431738660105,-79.38601188447248,Starving Artist,Restaurant,43.701538,-79.38724
Thorncliffe Park ,55,43.70712352210105,-79.3482826810739,Iqbal Kebab & Sweet Centre,Indian Restaurant,43.705923230061344,-79.35152127765924
Thorncliffe Park ,55,43.70712352210105,-79.3482826810739,Bamiyan Kabob,Afghan Restaurant,43.70782435998825,-79.34344628586337
Thorncliffe Park ,55,43.70712352210105,-79.3482826810739,Pasha Authentic Turkish Cuisine,Turkish Restaurant,43.708239752282864,-79.34269885561817
Thorncliffe Park ,55,43.70712352210105,-79.3482826810739,Faley Restaurant,Indian Restaurant,43.70811251975841,-79.34357902389091
Thorncliffe Park ,55,43.70712352210105,-79.3482826810739,A&W,Fast Food Restaurant,43.706275,-79.34467
Thorncliffe Park ,55,43.70712352210105,-79.3482826810739,Swiss Chalet,Restaurant,43.707786042366365,-79.34413242874473
Thorncliffe Park ,55,43.70712352210105,-79.3482826810739,Hakka Garden,Indian Restaurant,43.704578351261326,-79.34977027417523
Thorncliffe Park ,55,43.70712352210105,-79.3482826810739,Afghan Cuisine,Afghan Restaurant,43.7080751573203,-79.34298516936218
Thorncliffe Park ,55,43.70712352210105,-79.3482826810739,Kandahar Kabab,Middle Eastern Restaurant,43.70525,-79.348625
Thorncliffe Park ,55,43.70712352210105,-79.3482826810739,Anatolian's Turkish Restaurant,Turkish Restaurant,43.708056671215886,-79.34263647483004
Thorncliffe Park ,55,43.70712352210105,-79.3482826810739,Capital Sweets and Samosas,Indian Restaurant,43.70788689104174,-79.3433716818008
Thistletown-Beaumond Heights ,3,43.73771927995128,-79.55838604220827,Drupati's Doubles & Roti Shop,Caribbean Restaurant,43.73622193506543,-79.56347091954379
Thistletown-Beaumond Heights ,3,43.73771927995128,-79.55838604220827,Roti-Roti Family Restaurant,Caribbean Restaurant,43.73624095343682,-79.56353138707921
Thistletown-Beaumond Heights ,3,43.73771927995128,-79.55838604220827,Golden Joy,Asian Restaurant,43.73500660231336,-79.55961685263955
Thistletown-Beaumond Heights ,3,43.73771927995128,-79.55838604220827,Lemongrass,Thai Restaurant,43.734485082983205,-79.55998453338229
The Beaches ,63,43.66830599298921,-79.29432659022096,Yumei Sushi,Japanese Restaurant,43.67110753520725,-79.29506363969708
The Beaches ,63,43.66830599298921,-79.29432659022096,Green Eggplant,Mediterranean Restaurant,43.670517,-79.29866
The Beaches ,63,43.66830599298921,-79.29432659022096,Green Basil,Thai Restaurant,43.67120043400348,-79.29471710812898
The Beaches ,63,43.66830599298921,-79.29432659022096,Souvlaki Hut,Greek Restaurant,43.671048072091374,-79.29575766112751
The Beaches ,63,43.66830599298921,-79.29432659022096,Bikkuri Japanese Restaurant,Japanese Restaurant,43.67071466807068,-79.29695568774969
The Beaches ,63,43.66830599298921,-79.29432659022096,Honey Bee Restaurant,Chinese Restaurant,43.670409,-79.298406
Tam O'Shanter-Sullivan ,118,43.779365032506405,-79.30664967937952,Remezzo Italian Bistro,Italian Restaurant,43.778649,-79.308264
Tam O'Shanter-Sullivan ,118,43.779365032506405,-79.30664967937952,Red Lobster,Seafood Restaurant,43.778415,-79.311773
Tam O'Shanter-Sullivan ,118,43.779365032506405,-79.30664967937952,KFC,Fast Food Restaurant,43.7804,-79.3007
Wychwood ,94,43.6790069617624,-79.42592959255352,Pukka Restaurant,Indian Restaurant,43.68105502412986,-79.4291869567722
Wychwood ,94,43.6790069617624,-79.42592959255352,Churrasco of St. Clair,Portuguese Restaurant,43.68168056638893,-79.42545291671884
Wychwood ,94,43.6790069617624,-79.42592959255352,Ferro Bar Cafe,Italian Restaurant,43.68107983140924,-79.4285699237273
Wychwood ,94,43.6790069617624,-79.42592959255352,Mi Tierra,South American Restaurant,43.680618144484,-79.4311747955151
Wychwood ,94,43.6790069617624,-79.42592959255352,Pain Perdu,American Restaurant,43.68140733172792,-79.42733237382963
Wychwood ,94,43.6790069617624,-79.42592959255352,Asada Mexican Grill,Mexican Restaurant,43.68063435437249,-79.43071960521455
Wychwood ,94,43.6790069617624,-79.42592959255352,The Rushton,Restaurant,43.68138642185842,-79.42780059787597
Wychwood ,94,43.6790069617624,-79.42592959255352,Aviv,Jewish Restaurant,43.6807858,-79.4291666
Wychwood ,94,43.6790069617624,-79.42592959255352,NODO,Italian Restaurant,43.681156,-79.429857
Wychwood ,94,43.6790069617624,-79.42592959255352,Vannis Bar & Grill,Italian Restaurant,43.68182171159587,-79.4253678427442
Wychwood ,94,43.6790069617624,-79.42592959255352,Savera Indian Cuisine,Indian Restaurant,43.68057841847422,-79.4308324116619
Wychwood ,94,43.6790069617624,-79.42592959255352,The Piper's Pub,Restaurant,43.68103119111243,-79.42934478370216
Wychwood ,94,43.6790069617624,-79.42592959255352,Mezzetta,Mediterranean Restaurant,43.681652028150964,-79.425435746772
Wychwood ,94,43.6790069617624,-79.42592959255352,Nama Sushi,Sushi Restaurant,43.681255,-79.42816
Wychwood ,94,43.6790069617624,-79.42592959255352,El Rincon Mexicano,Mexican Restaurant,43.68193784455996,-79.42452611263825
Wychwood ,94,43.6790069617624,-79.42592959255352,Lasa by Lamesa,Filipino Restaurant,43.68219624717089,-79.42325592041016
Wychwood ,94,43.6790069617624,-79.42592959255352,Chinese Dumplings,Dumpling Restaurant,43.68196820769354,-79.42420973379112
Yonge-St.Clair ,97,43.68876151346612,-79.39905314484629,Mary Be Kitchen,Restaurant,43.687708,-79.395062
Yonge-St.Clair ,97,43.68876151346612,-79.39905314484629,Daeco Sushi,Sushi Restaurant,43.68783769992881,-79.39565249242683
Yonge-St.Clair ,97,43.68876151346612,-79.39905314484629,Union Social Eatery,American Restaurant,43.68789522205706,-79.39491559605742
Yonge-St.Clair ,97,43.68876151346612,-79.39905314484629,Sushi Garden,Sushi Restaurant,43.68988255810127,-79.39490102169809
Yonge-St.Clair ,97,43.68876151346612,-79.39905314484629,Kwan Restaurant,Cantonese Restaurant,43.688737166789785,-79.39435863931413
Yonge-St.Clair ,97,43.68876151346612,-79.39905314484629,Swiss Chalet,Restaurant,43.68956414569206,-79.39489933175645
Yonge-St.Clair ,97,43.68876151346612,-79.39905314484629,Schnitzel HUB,German Restaurant,43.687378678206514,-79.39368318065463
Yonge-St.Clair ,97,43.68876151346612,-79.39905314484629,Nove Trattoria,Italian Restaurant,43.68679543165231,-79.39360906397091
Yonge-St.Clair ,97,43.68876151346612,-79.39905314484629,Sprout,Vietnamese Restaurant,43.687995609133544,-79.39465149552744
Yonge-St.Clair ,97,43.68876151346612,-79.39905314484629,Sushi Gen,Sushi Restaurant,43.68886229852844,-79.3944898110323
Yonge-St.Clair ,97,43.68876151346612,-79.39905314484629,Mr. Thai,Thai Restaurant,43.68962660582034,-79.39474466731203
Yonge-St.Clair ,97,43.68876151346612,-79.39905314484629,Thai Express,Thai Restaurant,43.68839969248036,-79.3930962577708
Dorset Park ,126,43.76231650340622,-79.28057836219516,Taco Bell,Restaurant,43.76085106353864,-79.27990769133459
Dorset Park ,126,43.76231650340622,-79.28057836219516,Wendy’s,Fast Food Restaurant,43.76495369397089,-79.2814783751964
Dorset Park ,126,43.76231650340622,-79.28057836219516,Phố Nam Định,Vietnamese Restaurant,43.76634423621436,-79.28123334903007
Willowdale East ,51,43.76520413110352,-79.40027823026283,Paisano's,Italian Restaurant,43.764517781816416,-79.39989823947919
Willowdale East ,51,43.76520413110352,-79.40027823026283,Inakaya,Japanese Restaurant,43.765116314683894,-79.40013276871568
Willowdale East ,51,43.76520413110352,-79.40027823026283,Ava Food Market,Middle Eastern Restaurant,43.76414532190037,-79.39929965307797
Willowdale East ,51,43.76520413110352,-79.40027823026283,Siloam Sushi House,Sushi Restaurant,43.76394545090595,-79.39914499309556
